Mô tả thô,ID,Tiêu đề chuẩn,Mô tả chuẩn
"Nơ Trang Long 77.7/112.8 5 5.5 26 27.5 tỷ Bình Lợi Trung Bình Thạnh 25-50 tỷ HĐ Nguyễn Thị Anh Đào_ĐC Thiên Lam  H3GB nguồn Đối tác
*AĐ QUẬN BÌNH THẠNHNHÀ MẶT TIỀN NƠ TRANG LONG, PHAN VĂN TRỊ, QUẬN BÌNH THẠNH  NHÀ  SIÊU PHẨM ĐẸP, 3 TẦNG  5,5 X 20,5 CHỈ HƠN 27,5TỶ Nơ Trang Long 77.7/112,8 5 5,5 20,5 27,5 tỷ,phường , Quận Bình Thạnh, 15 đến 30. HĐ Đầu chủ Anh Đào Phòng Thiên Lam  Hoa hồng 3% giá bán Nguồn : Đối tác Mô tả:+ Kết cấu: Nhà trệt, gác, 4 phòng ngủ, 5  wc, dòng tiền cho thuê 25 triệu /1 tháng, có thể thiết kế mở rộng thêm phòng, đầu tư thêm phòng cho thuê.+ BTCT: chuẩn, mot đời chủ, chủ tâm đắt xây dựng kiên cố và thiết kế thông thoáng + Vị trí :+ Khu vực: giao nhau Qua, thông ra Nguyễn Văn Đậu, Phan Văn Trị, giao thông lưu hành nhanh qua các Quận trung Tâm. Gò Vấp, Quận 1, Quận 4, Quận 5+ Nhà gần Chợ Bà Chiểu, trường học, siêu thị , Bách hóa, Khu vui chơi giải trí....+ Chủ cần bán gấp trong tết + Sổ hồng chính chủ, sổ tại gia. mua bán công chứng nhanh, chủ  hỗ trợ vay Khách thiện chí.+ Anh chị em khảo sát, tìm ra điểm mạnhcủa  căn nhà, dẫn khách chuẩn quy trình cty, báo trước ĐC ANH ĐÀO 60 phút, để được hỗ trợ tốt nhất.❤️ 🌹Chúc Anh Chị Em chốt nhà NHANH🌹",SYS-20264727-938,,"Mặt tiền Nơ Trang Long Bình Thạnh - 77.7m2 (5.5x20.5) - Ngang khủng - 27.5 Tỷ | Kinh doanh hoặc CHDV

MẶT TIỀN KINH DOANH NƠ TRANG LONG SÁT VÁCH PHAN VĂN TRỊ CHỈ 27.5 TỶ

– Vị trí: Ngay Mặt tiền Nơ Trang Long, Phường 11, Quận Bình Thạnh. Vị trí đắc địa ngay nút giao thông trục Phan Văn Trị và Nguyễn Văn Đậu, kết nối trực tiếp sang trung tâm Quận 1 và Sân bay Tân Sơn Nhất chỉ vài phút di chuyển.

– Mặt tiền: Đường nhựa rộng lớn, vỉa hè thông thoáng, dòng người qua lại nhộn nhịp ngày đêm, thích hợp mở văn phòng công ty, showroom, phòng khám hoặc kinh doanh đa ngành nghề.

– Kết cấu: Nhà 3 tầng khung BTCT kiên cố, thiết kế thông thoáng, gồm 4 phòng ngủ, 5 WC. Hiện đang khai thác dòng tiền cho thuê ổn định 25 triệu/tháng.

– Thông số xây dựng: Khu vực quy hoạch cao tầng. Thích hợp xây mới hầm, trệt, lửng, 4 lầu, sân thượng làm tòa nhà văn phòng hoặc căn hộ dịch vụ quy mô.

– Diện tích: 112.8m2 (5.5m x 20.5m). Chiều ngang 5.5m bề thế cực kỳ hiếm có, khuôn đất vuông vức, phong thủy đẹp.

– Pháp lý sạch, hoàn công đủ, sổ hồng riêng chính chủ cất két, công chứng ngay trong ngày.

– GIÁ: 27.5 tỷ (TL).

PHÂN TÍCH TƯ DUY ĐẦU TƯ & DÒNG TIỀN:

• Vị trí vàng trung tâm Bình Thạnh, liền kề các trục đường thương mại lớn và cụm Bệnh viện nhân dân Gia Định, Bệnh viện Ung Bướu, trường Đại học Văn Lang.

• Khu vực tập trung tệp khách thuê cao cấp và nhân sự văn phòng cực kỳ đông đúc.

• Khuôn đất lớn có chiều ngang vượt trội 5.5m là lợi thế tuyệt đối để tối ưu hóa không gian kinh doanh hoặc thiết kế CHDV hiệu suất cao.

• Đầu tư xây mới thành tòa nhà văn phòng hoặc căn hộ dịch vụ cao cấp có thể mang lại nguồn thu nhập thụ động đạt trên 100 triệu/tháng.

• Quỹ đất mặt tiền lõi trung tâm ngày càng khan hiếm, đảm bảo biên độ tăng giá ổn định và là tài sản giữ tiền có tính thanh khoản cực cao."
"Lê Văn Sỹ 46 4 4.6 10 12.8 tỷ Nhiêu Lộc Quận 3 10-15 tỷ HĐ Trần Thanh Chương Đại Nam  H3GB nguồn Đầu chủ Trần Thanh Chương - Đại Nam
🚗🏡 HOT QUẬN 3- LÊ VĂN SỸ- NHỈNH 12 TỶ 🌹🌹🌹+ HĐĐT chính chủ, HKĐC.

✅ Vị trí đẹp, trung tâm, con đường thời trang Lê Văn Sỹ.

✅ Hẻm xe hơi đỗ cửa, gần Mặt tiền.

✅ Nhà 1 trệt 3 lầu, 4 phòng ngủ, lô góc thoáng mát, ngang lớn là 1 lợi thế. Nhà mới vào là ở luôn.

✅ Sổ đẹp, hoàn công đủ, pháp lý sạch.",SYS-MP75438B-O8,,"Hẻm xe hơi Lê Văn Sỹ Quận 3 - 46m2 (4.6x10) - Ngang lớn - 12.8 Tỷ | Ở ngay

TRUNG TÂM QUẬN 3 ĐƯỜNG THỜI TRANG LÊ VĂN SỸ HẺM XE HƠI ĐỖ CỬA CHỈ 12.8 TỶ

– Vị trí: Hẻm Lê Văn Sỹ, Phường 13, Quận 3. Vị trí trung tâm ngay lõi đường thời trang sầm uất, sát vách chợ Nguyễn Văn Trỗi, trường Đại học Sư phạm và bệnh viện An Sinh, di chuyển sang Quận 1 và Phú Nhuận chỉ trong vài phút.

– Hẻm: Hẻm xe hơi đỗ cửa, sạch sẽ, an ninh, sát mặt tiền đường lớn, lưu thông thuận tiện và thông thoáng.

– Kết cấu: Nhà 4 tầng, khung BTCT kiên cố. Thiết kế gồm 4 phòng ngủ, phòng khách, bếp, lô góc nhiều mặt thoáng đón ánh sáng tự nhiên. Nhà mới đẹp, dọn vào ở ngay.

– Diện tích: 46m2 (4.6m x 10m), chiều ngang lớn 4.6m là lợi thế cực kỳ hiếm có tại phân khúc trung tâm Quận 3. Sổ vuông vức, hoàn công đầy đủ.

– Pháp lý sạch, hoàn công đủ, sổ hồng riêng cất két, công chứng ngay.

– GIÁ: 12.8 tỷ (TL)."
"Điện Biên Phủ 38.7 4 4.1 7 8.5 tỷ Phường 11 Quận 10 5-10 tỷ HĐ Nguyễn Văn Cường Bảo Tín  H3GB nguồn Đầu chủ Nguyễn Văn Cường - Bảo Tín
💥 HẺM Ô TÔ ĐỖ CỬA SÁT MẶT TIỀN ĐIỆN BIÊN PHỦ, P11, QUẬN 10 - 38.7M2 NGANG 4M - 4 TẦNG - CHỈ 8.5 TỶ


Điện Biên Phủ 38.7 4 4/7.2 7.5 8.5 tỷ Phường 11 Quận 10, 5 đến 10, HĐ ĐC Nguyễn Cường,Khối Bảo Tín, Hoa Hồng 3% giá bán, nguồn ĐC Nguyễn Cường.


* Mô tả: 


+ Diện tích: cn 38.7m2, ngang 4.06m dài 7.5m. Nở hậu đẹp: 7.2m
+ Kết cấu : gồm 4 tầng BTCT, có 3 phòng ngủ, 4 toilet, sân thượng,
+ Hẻm trước nhà 4m sạch sẽ, an ninh,dân trí...
+ Vị trí trung tâm quận 10, khu kinh doanh sầm uất, đủ tiện ích, thuận tiện đi lại.
+ Nhà chính chủ lâu năm, chưa qua đầu tư. 
+ Pháp lí: Sổ hồng hoàn công 


* Anh chị em dẫn khách ký phiếu YCCCDV đầy đủ và chuẩn quy trình, báo trước Đầu chủ 59 phút để được hỗ trợ tốt nhất.,
💥 Chúc anh chị em chốt bùng nổ",SYS-MP756313-W,,"Điện Biên Phủ Quận 10 - 39m2 (4.1x7.5) - Hẻm ô tô sát Mặt tiền - Ngang lớn - 8.5 Tỷ | Ở ngay

HẺM Ô TÔ ĐỖ CỬA SÁT MẶT TIỀN ĐIỆN BIÊN PHỦ QUẬN 10 CHỈ 8.5 TỶ

– Vị trí: Hẻm Điện Biên Phủ, Phường 11, Quận 10. Vị trí trung tâm sát vách Bệnh viện Bình Dân, Nhà hát Hòa Bình, di chuyển sang Quận 1 và Quận 3 chỉ 3 phút.

– Hẻm: Hẻm ô tô rộng 4m sạch sẽ, dân trí cao, an ninh tuyệt đối, nhà cách mặt tiền đường lớn chỉ vài bước chân.

– Kết cấu: Nhà 4 tầng, khung BTCT kiên cố, thiết kế hiện đại gồm 3 phòng ngủ, 4 WC, sân thượng thoáng mát. Nhà chính chủ lâu năm, dọn vào ở ngay.

– Diện tích: 39m2 (4.1m x 7.5m), chiều ngang lớn 4.1m cực kỳ bề thế, phom nhà nở hậu tài lộc lên đến 7.2m.

– Pháp lý sạch, hoàn công đủ, sổ hồng riêng cất két, công chứng ngay.

– GIÁ: 8.5 tỷ (TL)."
"Cao Thắng 29.6/32 5 3.2 10 8.5 tỷ Bàn Cờ Quận 3 5-10 tỷ HĐ Lương Trần Tuyết Nhanh Tây Đô  H3GB nguồn Đầu chủ Lương Trần Tuyết Nhanh - Tây Đô
CHỦ NHIỆT BÁN GIẢM 200TR, GIÁ CÒN 8,5 TỶ


NHÀ 5 TẦNG - HẺM 5M - NGAY CHỢ - DÒNG TIỀN ỔN ĐỊNH THU NHẬP 300TR/ NĂM - CAO THẮNG P3 QUẬN 3 TPHCM
🌺🌺Giá chỉ nhỉnh 8 tỷ


- Diện tích: 32m( 3,2x10)


- Thiết kế: 1 trệt 1 lửng 2 lầu, sân thượng với 4pn 5wc


- Nhà ngay chợ tiện kinh doanh buôn bán


- Cách đường Nguyễn Thiện Thuật  50m


- Hẻm thông bàn cờ, xe hơi tới cửa


- Dòng tiền ổn định, Đang cho thuê thu nhập 300tr/ năm


- Sổ đẹp, hoàn công chuẩn


- Hỗ trợ khách vay 
- Thứ ba 24/3 nhà trống ace thoải mái dẫn khách nhé


🌹Ace ks đi hẻm 51 Nguyễn Thiện Thuật vào 50m là tới


Ace ks chụp selfie gửi hình lấy sổ, dẫn khách báo ĐC trước 60p. Chúc mn chốt nhà bùng nổ nhé🌹",SYS-MP756P72-9B,,"Cao Thắng Quận 3 - 32m2 - Hẻm xe hơi thông - 5 Tầng - 8.5 Tỷ | Ở ngay hoặc Dòng tiền

TRUNG TÂM QUẬN 3 NÚT GIAO CAO THẮNG NGUYỄN THIỆN THUẬT HẺM XE HƠI THÔNG CHỈ 8.5 TỶ

– Vị trí: Hẻm Cao Thắng, Phường 3, Quận 3. Vị trí lõi trung tâm sát vách chợ Bàn Cờ, tòa nhà văn phòng Thành Đô, di chuyển sang Quận 1 và Quận 10 chỉ 2 phút.

– Hẻm: Hẻm rộng 5m thông bàn cờ ra đường Nguyễn Thiện Thuật, xe hơi tới cửa, di chuyển thông thoáng, sạch sẽ và an ninh.

– Kết cấu: Nhà 5 tầng, khung BTCT kiên cố, thiết kế gồm 1 trệt, 1 lửng, 2 lầu, sân thượng với 4 phòng ngủ, 5 WC. Hiện trạng nhà đẹp, đang khai thác cho thuê dòng tiền ổn định 300 triệu/năm.

– Diện tích: 32m2, sổ hồng vuông vức, hoàn công đầy đủ, không lỗi phong thủy.

– Pháp lý sạch, hoàn công đủ, sổ hồng riêng cất két, công chứng ngay.

– GIÁ: 8.5 tỷ (TL)."
"Cách mạng tháng 8 44 2 3.7 12 7.5 tỷ Hòa Hưng Quận 10 5-10 tỷ HĐ Nguyễn Trần Ngọc Linh Tâm Đức  H3GB nguồn Đầu chủ Nguyễn Trần Ngọc Linh - Tâm Đức
🚗🏡 QUẬN 10 - XE HƠI TỚI NHÀ - 44M2 - HƠN 100M RA MẶT TIỀN 👉 CHỈ 7.5 TỶ





Cách Mạng Tháng Tám 44 2 3.7 12 7.5 tỷ Phường 13 Quận 10 6 đến 10 HĐ ĐC Ngọc Linh Phòng Tâm Đức , HH3%, nguồn ĐC Ngọc Linh.




💥 Mô tả: 

+ Vị trí đẹp, gần Tô Hiến Thành - Hoà Hưng, thuận tiện qua Quận 1, 3.

+ Hiện trạng: 1 trệt 1 lầu, 3 PN, 2 vệ sinh. 

+ Xe hơi tới nhà, sát mặt tiền, khu vực kinh doanh sầm uất. 

+ Chủ gấp bán đi định cư. 




+ Anh em dẫn khách vui lòng báo ĐC Ngọc Linh trước 30 phút để được hỗ trợ tốt.




+ Chúc anh em chốt nhà bùng nổ.🌹🌹Facebook: Nguyễn Linh
",SYS-MP757WNV-DN,,"Cách Mạng Tháng Tám Quận 10 - 44m2 (3.7x12) - Hẻm xe hơi tới nhà - 7.5 Tỷ | Ở ngay

TRUNG TÂM QUẬN 10 LIỀN KỀ CÔNG VIÊN LÊ THỊ RIÊNG HẺM XE HƠI TỚI CỬA CHỈ 7.5 TỶ

– Vị trí: Hẻm Cách Mạng Tháng Tám, Phường 13, Quận 10. Vị trí vàng ngay trung tâm, sát vách CLB Lan Anh, trường Đại học Huflit, di chuyển sang Quận 1 và Quận 3 chỉ 3 phút.

– Hẻm: Hẻm xe hơi rộng rãi, thông thoáng, xe hơi đỗ tận cửa nhà, cách mặt tiền đường lớn Cách Mạng Tháng Tám chỉ hơn 100m, khu vực dân trí cao và an ninh tuyệt đối.

– Kết cấu: Nhà 2 tầng, khung BTCT kiên cố, công năng tối ưu gồm 3 phòng ngủ, 2 WC. Hiện trạng nhà sạch sẽ, không gian thoáng đãng, khách mua dọn vào ở ngay.

– Diện tích: 44m2 (3.7m x 12m), khuôn đất vuông vức từ đầu đến đuôi, không bị lỗi phong thủy hay lộ giới.

– Pháp lý sạch, hoàn công đủ, sổ hồng riêng cất két, công chứng ngay.

– GIÁ: 7.5 tỷ (TL)."
"Lê Văn Sỹ 32.5 4 2.8 10 8.3 tỷ Phường 13 Quận 3 5-10 tỷ HĐ Phạm Thanh Hải Tâm Đức  H3GB nguồn Đầu chủ Phạm Thanh Hải - Tâm Đức
HIẾM -HẺM XE HƠI ĐỖ CỬA LÊ VĂN SỸ Q3 - NHÀ ĐẸP - TRỆT, 3 LẦU, SÂN THƯỢNG - NỞ HẬU TÀI LỘC - CHỈ NHỈNH 8 TỶ




Lê Văn Sỹ 32.5 4 2.75/4.25 10 8.3 Tỷ Phường 13 Quận 3 5 đến 10 HĐ Đầu chủ Hải - Phòng Tâm Đức , H3%, nguồn Đầu chủ Hải.

*hdcc - ký với chị gái chủ




 Mô tả: 

+ Trung tâm kinh đô thời trang Lê Văn Sỹ, Quận 3 - Phường Nhiêu Lộc Mới. 

+ Kết cấu: 4 tầng BTCT - Trệt, 3 lầu, sân thượng hoàn công đủ.

Gồm: khách, bếp, 3 PN, 4 vệ sinh, ban công, sân thượng lớn. 

+ Hẻm xe hơi đỗ cửa, thông Trần Quang Diệu

+ Hàng xóm đồng bộ cao tầng, dân trí cao. 

+ Sổ sạch, pháp lý chuẩn chỉnh, hoàn công đủ, công chứng mua bán ngay.




🌹 Anh chị em khảo sát inbox gửi ảnh tự sướng tới Đầu chủ để nhận sổ tư vấn khách, dẫn khách ký phiếu YCCCDV đầy đủ và chuẩn quy trình báo trước Đầu chủ Hải 60 phút để VIẾT CỌC nhé ạ.

Facebook: Phạm Thanh Hải 

Phòng Tâm Đức




🌹🌽",SYS-MP758TA8-AN,,"Lê Văn Sỹ Quận 3 - 33m2 (4.3x10) - Hẻm xe hơi thông - Ngang lớn - 8.3 Tỷ | Ở ngay

KINH ĐÔ THỜI TRANG LÊ VĂN SỸ TRUNG TÂM QUẬN 3 HẺM XE HƠI THÔNG CHỈ 8.3 TỶ

– Vị trí: Hẻm Lê Văn Sỹ, Phường 13, Quận 3. Vị trí lõi trung tâm sát vách trường Đại học Sư phạm và bệnh viện An Sinh, di chuyển sang Quận 1 và Phú Nhuận chỉ trong vài phút.

– Hẻm: Hẻm xe hơi thông thoáng sang đường Trần Quang Diệu, xe hơi đỗ tận cửa, khu đồng bộ cao tầng, dân trí cao, không gian sạch sẽ và an ninh tuyệt đối.

– Kết cấu: Nhà 4 tầng, khung BTCT kiên cố hoàn công đủ. Thiết kế hiện đại gồm phòng khách, bếp, 3 phòng ngủ lớn, 4 WC, ban công và sân thượng rộng thoáng. Nhà mới đẹp, khách dọn vào ở ngay.

– Diện tích: 32.5m2 (4.25m x 10m), chiều ngang lớn 4.25m bề thế, thế đất nở hậu tài lộc cực kỳ đắc địa.

– Pháp lý sạch, hoàn công đủ, sổ hồng riêng cất két, công chứng ngay.

– GIÁ: 8.3 tỷ (TL)."
"Lê Văn Sỹ 35/40 3 3.1 13 8 tỷ Nhiêu Lộc Quận 3 5-10 tỷ HĐ Nguyễn Triệu Đức Trung Thiên Địa  H3GB nguồn Đầu chủ Nguyễn Triệu Đức Trung - Thiên Địa
🌷HẺM NHỰA XE TẢI SẠCH ĐẸP, 2 MẶT HẺM TRƯỚC SAU, CÓ CỬA SAU - KHU VIP DÂN TRÍ - ĐANG CHO THUÊ, PHÙ HỢP VỪA Ở VỪA KINH DOANH - 3 TẦNG LUNG LINH, VUÔNG ĐÉT, HOÀN CÔNG, CC NGAY🌷


🔎Định vị:
Lưu ý: Nhà cho thuê, ACE dẫn khách xem clip và vị trí ạ.
🧭Hướng Bắc.
💥 Khu vip Q3 dân trí cao, hẻm nhựa xe tải sạch đẹp thông tứ tung, hẻm sau nhà 5m, phù hợp làm văn phòng/kinh doanh, đang cho người quen thuê giữ nhà 12tr/tháng.
🔥Kết cấu: 1 trệt 1 lửng 1 lầu, 4pn, 3wc, cửa sổ, ban công trước và sau nhà, có cửa ra vào sau nhà.
🔥Sổ vuông vức, hoàn công, pháp lý chuẩn, công chứng ngay.


Facebook: Triệu Trung.
",SYS-MP759ESN-94,,"Hẻm xe tải Lê Văn Sỹ Quận 3 - 40m2 - 2 Mặt hẻm thông - 3 Tầng - 8 Tỷ | Ở ngay hoặc Văn phòng

KHU VIP DÂN TRÍ LÊ VĂN SỸ QUẬN 3 HẺM NHỰA XE TẢI THÔNG TỨ TUNG CHỈ 8 TỶ

– Vị trí: Hẻm Lê Văn Sỹ, Phường 13, Quận 3. Vị trí đắc địa ngay lõi trung tâm, sát vách Trường Đại học Sư phạm và Bệnh viện An Sinh, di chuyển sang Quận 1 và Phú Nhuận chỉ 3 phút.

– Hẻm: Hẻm nhựa xe tải rộng thoáng, thông tứ tung, đặc biệt nhà sở hữu 2 mặt hẻm trước sau cực kỳ thông thoáng, hẻm sau rộng 5m có cửa hậu ra vào riêng biệt, phù hợp vừa ở vừa làm văn phòng công ty.

– Kết cấu: Nhà 3 tầng, khung BTCT kiên cố gồm 1 trệt, 1 lửng, 1 lầu. Thiết kế tối ưu công năng với 4 phòng ngủ, 3 WC, hệ thống cửa sổ và ban công trước sau đón ánh sáng tự nhiên, hiện đang cho thuê ổn định 12 triệu/tháng.

– Diện tích: 40m2, thế đất vuông đét, phong thủy đẹp, không lỗi lộ giới.

– Pháp lý sạch, hoàn công đủ, sổ hồng riêng cất két, công chứng ngay.

– GIÁ: 8 tỷ (TL)."
"Nguyễn Thiện Thuật 30.7 2 3.1 11 8.2 tỷ Bàn Cờ Quận 3 5-10 tỷ HĐ Nguyễn Thị Kim Thoa_ĐC Linh Phát  H3GB nguồn Đầu chủ Nguyễn Thị Kim Thoa_ĐC - Linh Phát
VỊ TRÍ ĐẸP - KINH DOANH - HXT THÔNG TỨ TUNG
+ Kết cấu: 1 trệt, 1 lầu. ,
+ Nhà cũ. Sửa lại ở với 2PN 1WC. ,
+ HXT thông tứ tung, vị trí kinh doanh. ,
+ Vị trí an ninh sạch sẽ. Dân trí cao. ,
+ Sổ hồng chính chủ. công chứng ngay. ,",SYS-MP759ZIK-MM,,"Nguyễn Thiện Thuật Quận 3 - 31m2 - Hẻm xe tải thông kinh doanh - 8.2 Tỷ | Ở ngay hoặc Kinh doanh

KHU VỰC KINH DOANH SẦM UẤT NGUYỄN THIỆN THUẬT QUẬN 3 HẺM XE TẢI THÔNG TỨ TUNG CHỈ 8.2 TỶ

– Vị trí: Hẻm Nguyễn Thiện Thuật, Phường 3, Quận 3. Vị trí lõi trung tâm sát vách chợ Bàn Cờ và bệnh viện Bình Dân, di chuyển qua Quận 1 và Quận 10 chỉ trong vài bước chân.

– Hẻm: Hẻm xe tải thông tứ tung, mặt hẻm sạch sẽ, dân trí cao, vị trí đắc địa phù hợp mở văn phòng đại diện, spa hoặc kinh doanh online dòng tiền tốt.

– Kết cấu: Nhà cũ 2 tầng, khung BTCT kiên cố gồm 1 trệt 1 lầu. Công năng cơ bản 2 phòng ngủ, 1 WC, khách mua chỉ cần sơn sửa nhẹ là ở ngay hoặc khai thác kinh doanh được liền.

– Diện tích: 31m2, khuôn đất vuông vức vuông đét, không lỗi phong thủy, phong thủy tốt.

– Pháp lý sạch, hoàn công đủ, sổ hồng riêng cất két, công chứng ngay.

– GIÁ: 8.2 tỷ (TL)."
"Cách Mạng Tháng 8 57.6/65 2 4.3 15 8 tỷ Nhiêu Lộc Quận 3 5-10 tỷ HĐ Vũ Hoàng Giang Thiên Ngọc  H3GB nguồn Hội đồng thẩm định
✅ Chủ điều chỉnh lại giá bán lên 8ty



🔥🔥🔥7.3TỶ CHỐT TRƯỚC NGÀY 10/3 -  THU 💵💵💵 THÔI ACE


💥💥💥GIẢM CHÀO MẠNH ĐỂ BÁN NHANH - ANH EM CHÀO KHÁCH TRỰC TIẾP GIÁ 7.5TỶ


Cách Mạng Tháng 8 57.6/65 4.28 12.19/15 7.7tỷ Phường Nhiêu Lộc TPHCM (Phường 9 cũ), 6 đến 10 HĐ ĐC Vũ Giang, Phòng Thiên Ngọc , H3%, nguồn ĐC Vũ Giang.


✅BÁN NHÀ HẺM 210 CÁCH MẠNG THÁNG TÁM – QUẬN 3, XE HƠI ĐẦU CÁCH NHÀ HƠN 10m


➡️Vị trí: Hẻm 210 Cách Mạng Tháng Tám, phường Nhiêu Lộc, Quận 3 gần ngay Ga Đường Sắt Sài Gòn


✅Diện tích: 65m² (ngang 4.3m x dài 15m) đất vuông vức


✅Kết cấu hiện trạng: 1 trệt – 1 lầu, 3 phòng ngủ
Phòng khách & bếp rộng rãi, thoáng mát, có khoảng sân trước sau. Nhà ở tốt, sử dụng ngay
✳️Khu vực được phép xây cao đến 6 tầng. Phù hợp để ở hoặc xây căn hộ dịch vụ


❇️Tiện ích xung quanh:
- Gần chợ, trường học, khu dân cư hiện hữu, Ga Sài Gòn
- Trung tâm Quận 3, di chuyển thuận tiện các quận trung tâm


💰 Giá bán: 8 tỷ
(Ngân hàng hỗ trợ vay lên đến gần 7 tỷ)


☎️Giang Sang: 
* Anh chị em dẫn khách đúng quy trình và báo trước ĐC Giang Sang 45Phut. Xin Cám ơn!,


",SYS-MP75AKU9-9R,,"Cách Mạng Tháng Tám Quận 3 - 65m2 (4.3x15) - Sát hẻm xe hơi - Ngang lớn - 8 Tỷ | Ở ngay hoặc CHDV

TRUNG TÂM QUẬN 3 LIỀN KỀ GA SÀI GÒN KHU VỰC XÂY CAO TẦNG CHỈ 8 TỶ

– Vị trí: Hẻm Cách Mạng Tháng Tám, Phường 9, Quận 3. Vị trí lõi trung tâm sát vách CLB Lan Anh, kết nối thẳng ra Vòng xoay Dân Chủ, di chuyển qua Quận 1 và Quận 10 chỉ 2 phút.

– Hẻm: Hẻm thông thoáng, sạch sẽ, khu dân trí cao và an ninh tuyệt đối, nhà cách hẻm xe hơi đỗ chỉ hơn 10m.

– Kết cấu: Nhà 2 tầng, khung BTCT kiên cố gồm 1 trệt 1 lầu. Thiết kế bố trí 3 phòng ngủ, phòng khách, bếp rộng rãi, có khoảng sân trước sau lấy gió trời thông thoáng, nhà ở tốt sử dụng ngay.

– Thông số xây dựng: Khu vực được phép xây cao tầng: Hầm, trệt, lửng, 4 lầu, sân thượng. Cực kỳ lý tưởng cho khách mua xây mới làm toà nhà văn phòng hoặc căn hộ dịch vụ cao cấp.

– Diện tích: 65m2 (4.3m x 15m), chiều ngang lớn 4.3m bề thế, thế đất vuông vức phong thủy đẹp.

– Pháp lý sạch, hoàn công đủ, sổ hồng riêng cất két, công chứng ngay.

– GIÁ: 8 tỷ (TL).

PHÂN TÍCH TƯ DUY ĐẦU TƯ & DÒNG TIỀN:
• Vị trí đắc địa lõi trung tâm Quận 3, sát vách dự án Tuyến Metro số 2 sắp triển khai, mang lại tiềm năng tăng trưởng đột biến và biên độ lãi kép cực cao.
• Khuôn đất lớn 65m2 với chiều ngang 4.3m lý tưởng, giấy phép xây dựng cho phép cao tầng (lên đến 6 tầng) giúp tối ưu hóa diện tích sàn khai thác kinh doanh.
• Tọa lạc tại khu vực tập trung lượng lớn giới văn phòng, người nước ngoài và liền kề các trục đường lớn, rất phù hợp để xây dựng mô hình CHDV cao cấp, dòng tiền khai thác dự kiến đạt từ 50 - 60 triệu/tháng."
"Huỳnh Văn Bánh 38 5 4.8 8 8.95 tỷ Phú Nhuận Phú Nhuận 5-10 tỷ HĐ Đặng Đình Trung Hiếu_ĐC Hắc Long  H3GB nguồn Đầu chủ Đặng Đình Trung Hiếu_ĐC - Hắc Long
Giảm 250tr còn 8.95 tỷ




Ký hợp đồng điện tử




🌺5 TẦNG - 38M2 - AN NINH - HẺM XE HƠI- HƠN 8 TỶ💎







🍀Mô tả:

_ Kết cấu : Trệt 4 lầu hoàn công đủ.

_ Gồm: 4 phòng ngủ, 5 tolet, phòng khách, bếp. 

_ Hẻm xe hơi đỗ cửa, cách mặt tiền đường 100m.

_ Vị trí: Gần chợ, Trường học các cấp, thuận lợi di chuyển trung tâm Sài Gòn.

_ Sổ hồng riêng, công chứng trong ngày.




💡LƯU Ý : ,,

💥💥💥 Anh chị em ký phiếu YCDV dẫn khách theo quy trình công ty. Đầu chủ Đặng Hiếu đã soạn sẵn HĐ Đặt cọc, chỉ chờ anh em Thiên Khôi đến ký.✍️✍️✍️,,🌹🌹🌹🌹💥💥💥🌹🌹🌹🌹",SYS-MP75ES0J-9K,,"Huỳnh Văn Bánh Phú Nhuận - 38m2 (4.8x8) - Hẻm xe hơi đỗ cửa - Ngang lớn - 8.95 Tỷ | Ở ngay

TRUNG TÂM PHÚ NHUẬN LIỀN KỀ TRỤC NGUYỄN VĂN TRỖI HẺM XE HƠI ĐỖ CỬA CHỈ 8.95 TỶ

– Vị trí: Hẻm Huỳnh Văn Bánh, Phường 13, Quận Phú Nhuận. Vị trí vàng sát vách trục ngoại giao Nguyễn Văn Trỗi, di chuyển sang Quận 1 và Sân bay Tân Sơn Nhất chỉ 5 phút.

– Hẻm: Hẻm xe hơi rộng rãi, đỗ tận cửa nhà, cách mặt tiền đường lớn Huỳnh Văn Bánh 100m, khu vực dân trí cao, yên tĩnh và an ninh tuyệt đối.

– Kết cấu: Nhà 5 tầng, khung BTCT kiên cố hoàn công đủ, công năng gồm phòng khách, bếp, 4 phòng ngủ, 5 WC. Nhà mới đẹp, kiến trúc hiện đại, dọn vào ở ngay.

– Diện tích: 38m2 (4.8m x 8m), chiều ngang lớn 4.8m bề thế, phom nhà vuông vức cân đối, bố trí không gian cực thoáng.

– Pháp lý sạch, hoàn công đủ, sổ hồng riêng cất két, công chứng ngay.

– GIÁ: 8.95 tỷ (TL)."
"HUỲNH VĂN BÁNH 27.5/30 5 3.7 8 8.9 tỷ Phú Nhuận Phú Nhuận 5-10 tỷ HĐ Nguyễn Thị Thu Diễm Phát Lộc  H3GB nguồn Đầu chủ Nguyễn Thị Thu Diễm - Phát Lộc
🏡 SIÊU PHẨM NHÀ MỚI HẺM XE HƠI NGAY LÊ VĂN SỸ - 5 TẦNG SÂN THƯỢNG BTCT - 3PN 4WC FULL NỘI THẤT - CHỈ 8.9 TỶ




Mô tả:

+ Vị trí: HẺM VIP Huỳnh Văn Bánh, P.13, Phú Nhuận . Ngay Lê Văn Sỹ đoạn đường sầm uất, đầy đủ tiện ích.

+ Diện tích : 3.7m ❌ 8m ( dtsd 110m2)

+ Kết cấu: Trệt, lửng , 3 lầu, sân thượng BTCT. Gồm 3PN, 4WC, PK, bếp, phòng làm việc, sân thượng. Nhà lô góc nên rất thoáng và mát mẻ. 

+ Tặng Full nội thất : Sofa, máy lạnh, bộ bàn ăn, bếp, giường , tủ lạnh ...




Link Facebook: 

+ Anh chị em dẫn khách báo trước ĐC Diễm 45 phút để được hỗ trợ tốt nhất

+ Chúc Anh Chị Em Thiên Khôi bùng nổ giao dịch",SYS-MP75GT4Y-GN,,"Huỳnh Văn Bánh Phú Nhuận - 30m2 (3.7x8) - Hẻm xe hơi VIP - 8.9 Tỷ | Full nội thất xịn

KHU VIP PHÚ NHUẬN ĐƯỜNG LÊ VĂN SỸ HẺM XE HƠI LÔ GÓC CHỈ 8.9 TỶ

– Vị trí: Hẻm Huỳnh Văn Bánh, Phường 13, Quận Phú Nhuận. Vị trí vàng ngay đoạn giao trục Lê Văn Sỹ sầm uất, di chuyển sang Quận 1, Quận 3 và Sân bay Tân Sơn Nhất chỉ 5 phút.

– Hẻm: Hẻm xe hơi rộng rãi, sạch sẽ, dân trí cao, xe hơi lưu thông thuận tiện, sát mặt tiền đường lớn.

– Kết cấu: Nhà lô góc 5 tầng BTCT kiên cố. Thiết kế hiện đại gồm phòng khách, bếp, phòng làm việc, 3 phòng ngủ, 4 WC, sân thượng thoáng mát, tặng Full nội thất xịn vào ở ngay.

– Diện tích: 30m2 (3.7m x 8m), khuôn đất vuông vức, kết cấu cao tầng tối ưu không gian sử dụng.

– Pháp lý sạch, hoàn công đủ, sổ hồng riêng cất két, công chứng ngay.

– GIÁ: 8.9 tỷ (TL)."
"Cao Thắng 44.7/50 5 4.5 11 11.9 tỷ Hòa Hưng Quận 10 10-15 tỷ HĐ Nguyễn Duy Bảo Thiên Địa  H3GB nguồn Đầu chủ Nguyễn Duy Bảo - Thiên Địa
✨ 4/5/2026 Chủ đã đồng ý giảm 600tr 👉 Giá mới 11.9 Tỷ. Chốt 🤝

👉 Chú ý: ACE đi khảo sát vui lòng chụp 1 ảnh selfie 🤳 gửi ĐC để nhận sổ nhé. Chốt 🤝

NHÀ ĐẸP TRUNG TÂM QUẬN 10 – HẺM XE HƠI CAO THẮNG – KHU DÂN TRÍ CAO - AN NINH ĐỈNH

Một căn nhà hiếm ở trung tâm Cao Thắng – Quận 10, nơi vừa đủ yên tĩnh để ở nhưng chỉ vài phút là chạm đến nhịp sống sôi động của trung tâm thành phố.

Thông tin chi tiết:

Địa chỉ: Cao Thắng, Phường 12, Quận 10

📍Vị trí: Tọa lạc tại khu Cao Thắng – Ba Tháng Hai – Nguyễn Tri Phương, khu vực trung tâm Quận 10 với đầy đủ tiện ích:

Trường học – bệnh viện – trung tâm thương mại – nhà hàng – quán cà phê – tất cả trong bán kính vài phút di chuyển.

• Diện tích đất: 44.7m²

• Diện tích sàn: 186.4m²

• Kết cấu: 1 trệt + lửng + 3 lầu (5 tầng)

• Nhà xây kiên cố, sàn BTCT – mái BTCT, móng đóng cọc, chính chủ xây dựng tâm huyết trong 6 tháng.

+ Trệt: Phòng khách rộng, trần cao thoáng đãng, có 1 PN phía sau, 1 WC.

+ Lửng: Bếp và phòng ăn thiết kế gọn gàng, tiện nghi.

+ Lầu 1 - 2: mỗi tầng 2 phòng ngủ thoáng sáng, có ban công, cửa sổ, 2 WC khép kín.

👉 Tổng: 5 PN 5 WC

• Pháp lý: Sổ hồng riêng – đất ở đô thị – sở hữu lâu dài

• Nhà được chăm chút kỹ lưỡng, có thể vào ở ngay

✨ Phù hợp:

• Gia đình ở lâu dài

• Mua giữ tài sản trung tâm

• Kết hợp ở và làm văn phòng

💰 Giá bán: 12.5 tỷ (TL)

---

ACE khảo sát dẫn khách theo qui trình Cty. Alô PP Bảo 24/7 để được hỗ trợ kịp thời. Chúc ACE hái🌹rực rỡ.

BBK

Chuẩn mực từng giao dịch",SYS-MP75Z7G0-H3,,
"Cao Thắng 39 4 5.3 8 14.58 tỷ Hòa Hưng Quận 10 10-15 tỷ HĐ Phạm Văn Hà (Đầu chủ) Thiên Quân  H3GB nguồn Hội đồng thẩm định
HẠ 220tr - Giá mới 14.58 tỷ chốt nhanh Anh chị em ơi 

HÀNG HIẾM CAO THẮNG - QUẬN 10 - HOÀ HƯNG 

39m2 - 4 tầng - Mới - FULL Nội thất - NGANG 5.32m 




Cao Thắng 39 4 5.32 7.5 14.8 tỷ Hoà Hưng, HCM ( Quận 10 cũ ) HĐ TP Hà - phòng Thiên Quân - , Hoa Hồng 3GB , Nguồn HĐTĐ 




Mô tả : 

- Nhà mới leng keng THIẾT KẾ HIỆN ĐẠI

- Sân để xe 

- Phòng khách bếp LỚN, 2PN khép kín ( có thể thiết kế thành 3pn) 3WC, Sân thượng 

- 📍 Tiện ích xung quanh:

        •        Ngay trung tâm Quận 10, gần Cao Thắng

        •        Gần chợ, siêu thị, trường học

        •        Di chuyển nhanh Quận 1, Quận 3, Quận 5

        •        Khu dân cư đông đúc, tiện ở & kinh doanh nhỏ




💣 Điểm nổi bật căn nhà:

        •        Ngang 5.3m hiếm trong khu 🔥

        •        Nhà 4 tầng mới, full nội thất – vào ở ngay

        •        Hẻm ba gác thông, cách xe hơi chỉ 15m

        •        Không lộ giới – giữ giá lâu dài

👉 Vị trí trung tâm + ngang lớn + nhà mới = hàng hiếm dễ chốt







📜 Sổ hồng 2026  chính chủ  – pháp lý chuẩn - hoàn công đủ  – công chứng trong ngày

- - - - 💥💥- - - - GIÁ TỐT - ⚡️⚡️CHỐT BẤT CHẤP ,

- - - - 👉👉👉👉👉BÁN GẤP ,

🌹🌹🌹🌹- - - ANH CHỊ EM CHỐT NHANH,

- ,

✈️✈️✈️Anh chị em khảo sát, dẫn khách đúng quy trình Công ty, báo trước ĐC Hà 60 phút để được hỗ trợ tốt nhất. Anh em dẫn khách nói bên Hà để đảm bảo HOA HỒNG. ,

Chúc anh em chốt rực rỡ🌹🌹🌹🌹🌹",SYS-MP75ZR8R-C4,,
"Cao Thắng 60 3 5 12 15.5 tỷ Hòa Hưng Quận 10 15-25 tỷ HĐ Nguyễn Văn Thư_ĐC Cát Linh  H3GB nguồn Đầu chủ Nguyễn Văn Thư_ĐC - Cát Linh
HXH 5M ÔTÔ VÀO NHÀ  - KHU HÀ ĐÔ QUẬN 10 - 5 CĂN HỘ MINI (ĐANG CHO THUÊ 65TR/THÁNG)!


Cao Thắng 60 3 5 12 15.5 tỷ, phường 12 quận 10 (nay là phường Hòa Hưng), 15 đến 25, HĐ GĐ Thư khối Cát Linh, , HH3GB, nguồn GĐ Thư.
Mô tả:
(ACE dẫn khách đi hẻm 392.20 Cao Thắng) 
+ Kết cấu: Trệt 2 lầu BTCT chắc chắn, gồm 5 căn hộ mini (mỗi căn hộ gồm: 2PN mỗi phòng ngủ đều có máy lạnh riêng, TC 10PN nhỏ, wc, phòng khách, bếp), trang bị đầy đủ nội thất cao cấp gồm giường tủ, bếp, bàn ghế, ... 
+ Nhà hiện tại đang cho thuê 13tr/căn hộ; 65tr/tháng (số chính xác 100% ACE tự tin tư vấn khách), có phòng để xe cho khách rất thoáng.
+ Nhà 2 mặt hẻm rộng rãi, xe hơi vào nhà, hẻm 5m. Không bị lộ giới, vuông vức.
+ Vị trí ngay Hà Đô nổi tiếng nhất quận 10, Trung tâm của Trung tâm.
+ Sổ vuông vức, thông số đẹp. Hoàn công đầy đủ.
+ Chủ hợp tác, ACE dẫn khách chuẩn quy trình, chúc ACE sớm thu bông rực rỡ.",SYS-MP760LYQ-AC,,
"Đồng Nai 71.2 5 4.3 17 22.8 tỷ Hòa Hưng Quận 10 15-25 tỷ HĐ Ngô Thiên Vân_ĐC Mạnh Phát  H3GB nguồn Đầu chủ Ngô Thiên Vân_ĐC - Mạnh Phát
💥💥💥NHÀ SIÊU ĐẸP - 5 TẦNG - CĂN GÓC HẺM 6M - CÓ THANG MÁY - 1/ ĐỒNG NAI TRỤC THẲNG CHỈ 30M KHU VỰC HÓT NHẤT TRUNG TÂM QUẬN 10 - CHỈ HƠN 22 TỶ 😍😍😍




📍Đồng Nai - Phường 15 ( P. Hòa Hưng mới) - Quận 10 - Tp.HCM




DT đất: 71.2 m2 ( 4.3m x 17m )
DT sử dụng: 341 m2
Kết cấu nhà BTCT hiện đại: 1 trệt + 4 lầu - Có thang máy: 600kg / 8 - 10 người
Nhà hướng: Đông Nam ( mát mẻ quanh năm )
Hiện đang có hợp đồng thuê khoán CHDV: 50tr tháng ( 600tr/ năm ). 
Hợp đồng thuê còn hơn 02 năm. Khách mua nhà có quyền lựa chọn: 1/ Duy trì hợp đồng cho thuê CHDV
2/ Nhận nhà trống giao ngay
Thuận tiện di chuyển nhanh vài phút đến các trục đường chính: Tô Hiến Thành; Sư Vạn Hạnh; Thành Thái; Trường Sơn; CMT8; Bắc Hải; Lý Thường Kiệt...
Khu vực sầm uất - An ninh - Không ngập nước. Thích hợp kinh doanh đa ngành nghề...
Tiện ích xung quanh: Gần chợ, Siêu thị, Trường học, Bệnh viện, Công viên, Nhà hàng, Quán ăn, Cà phê...
Pháp lý chuẩn - Sổ hồng chính chủ - Công chứng trong ngày - Nhà 1 đời chủ - chủ có hỗ trợ vay NH

👉 Khách xem báo ĐC 30p để được hỗ trợ tốt nhất nhé!",SYS-MP760YOH-BW,,
"Phạm Ngọc Thạch 36 5 3 12 13.99 tỷ Xuân Hòa Quận 3 10-15 tỷ HĐ Nguyễn Tri Phúc Thiên Ân 0909761320 H3GB nguồn Đầu chủ Nguyễn Tri Phúc - Thiên Ân
KHU HIẾM NHÀ BÁN - PHẠM NGỌC THẠCH QUẬN 3 - 36m2 - HẺM XE HƠI THÔNG ĐIỆN BIÊN PHỦ,VÕ THỊ SÁU - 5 TẦNG 8PN ĐANG KINH DOANH SPA - CHỈ 13TY99 TL NHẸ




Phạm Ngọc Thạch 36 5 3 12 13,99 tỷ Phường Xuân Hoà Quận 3  HĐ ĐC Tri Phúc - Khối THIÊN ÂN  HH 3% - Nguồn ĐC Tri Phúc 

Mô tả : 

📐 Diện tích: 3 x 12m

🏢 Kết cấu: 1 trệt 4 lầu – 8 phòng, 4 WC

✨ Ban công thoáng – nhà xây mới, phong cách hiện đại, tông trắng sáng

💼 Phù hợp nhiều mục đích:

• Kinh doanh spa, văn phòng, studio, dịch vụ

• Cho thuê phòng / căn hộ dịch vụ

• Nhà ở trung tâm thành phố

📍 Vị trí cực kỳ thuận tiện:

Gần Nhà Thờ Tân Định, Dinh Độc Lập, Chợ Tân Định, Công Viên Lê Văn Tám và nhiều khu vực trung tâm.

🌿 Nằm trong khu vực sầm uất nhưng vẫn đảm bảo sự yên tĩnh và an ninh.

💰 Giá bán: 13Ty99 BL – Sổ đỏ đầy đủ, làm việc chính chủ




🌹🌹Chúc ACE sức khỏe, chốt bùng nổ, xem nhà báo  Đầu chủ  Tri Phúc 59’ 

Facebook :  
Vào app ACE tìm từ khóa

💥 Chúc ACE Thiên Khôi chốt nhà bùng nổ ♥",SYS-MP761FGI-DF,,
"Đặng Văn Ngữ 98 2 4 26 16 tỷ Phú Nhuận Phú Nhuận 15-25 tỷ HĐ Huỳnh Công Thạch_ĐC Thiên Thổ  H3GB nguồn Đầu chủ Huỳnh Công Thạch_ĐC - Thiên Thổ
CHỦ GIẢM MẠNH 2 TỶ 5 GIÁ MỚI 16Tỷ







🎉MẶT TIỀN ĐẶNG VĂN NGỮ PHÚ NHUẬN- GẦN 100M2 - 3 TẦNG 18 TỶ CHÚT🎉




Đặng Văn Ngữ 98 3 4 24 18.5tỷ, Phường Phú Nhuận TPHCM HĐ 15 đến 18 TP Công Thạch -phòng Thiên Thổ, , Hoa hồng 3% giá bán , nguồn TP Công Thạch.




✴️Mô tả :




✅Kết cấu: 1 trệt , lầu , sân thượng giống lửng, 5pn , 3wc ,Nhà mặt tiền Đặng Văn Ngữ đoạn đẹp và sầm uất nhất Phú Nhuận, đang chi thuê kinh doanh Bún Đậu Mắm Tôm 




✅ Vị trí :ngay Đặng Văn Ngữ ... , các trục đường lớn, tiện di chuyển khắp nơi, gần chợ , Siu Thị  , trường học...




Link FB -   




✅xem nhà alo trước TP Thạch 30p.




✅ Pháp lý chuẩn, công chứng ngay, sổ chủ cất két rất an toàn.




✴️ĐẶC BIỆT : TƯ VẤN PHÁP LÝ , NHẬN LÀM TẤT CẢ GIẤY TỜ LIÊN QUAN TỚI NHÀ ĐẤT✴️









🤝ACE khảo sát - để nắm được tất cả điểm mạnh và yếu của căn nhà . TP đã chuẩn bị sẵn giấy cọc chờ ACE đến thu 🌹🌹🌹",SYS-MP762B6J-5,,
"Nguyễn Thiện Thuật 31.8 2 3 11 7.8 tỷ Bàn Cờ Quận 3 5-10 tỷ HĐ Lê Hữu Thời Như Ý  H3GB nguồn Đầu chủ Lê Hữu Thời - Như Ý
HKĐC- Ký với mẹ,người quyết định giá.(uỷ quyền).

Nhà mới sửa lại , chủ tặng toàn bộ nội thất 100%.Hình nhà mới và video clip anh em cập nhật lại nhé.

Nguyễn Thiện Thuật 32 2 3 11 7.8 Tỷ Phường Bàn Cờ TPHCM 5-10 Tỷ HĐ Lê Hữu Thời Phòng Như Ý  Nguồn ĐC Lê Hữu Thời Như Ý Hoa Hồng 3% Giá Bán.

Bán nhà hẻm xe hơi thông ngay khu vực trung tâm Quận 3, Diện Tích 3x11x 2 Tầng, hoàn công đủ. Hiện trạng nhà cũ, chủ xác định bán đất tặng nhà. Nhà nằm ngay khu vực chợ Băn Cờ - Nguyễn Thiện Thuật , khãh mua ở tiện kinh doanh buôn bán.

Pháp lý : sổ hồng hoàn công đủ, nhà mới xoá thế chấp ngân hàng.

Anh em cần khảo sát theo hẻm 84 Bàn Cờ hoặc 114 Bàn Cờ rất đẹp, chủ nhà đang đi du lịch đến 15/7 mới về nhà nên anh em tư vấn khách xem vị trú và pháp lý sổ. Khi dẫn khách thực hiện theo qui trình chuẩn của Công Ty. Liên hệ trước 60p với ĐC Thời để được hổ trợ tốt nhất. Chúc anh em sớm chốt nhà và bùng nổ.",SYS-MP7634YK-9F,,
"Võ Văn Tần 25.4/35.5 5 2.9 12 7.5 tỷ Bàn Cờ Quận 3 5-10 tỷ HĐ Nguyễn Trung Hiếu Tây Đô  H3GB nguồn Hội đồng thẩm định
🌹KHU VIP Q3 - 5 TẦNG - CHỐT NHANH ACE ƠI💥💥




✅ Kết cấu: 1 trệt 1 lửng 2 lầu sân thượng gồm 5pn 4wc. Nhà mới đẹp ở ngay, tặng full nội thất




✅ Diện tích: ngang 2.97m dài 12m. Hẻm thoáng mát sạch sẽ, khu an ninh dân trí, cách mặt tiền 15m




✅ Pháp lý: Chuẩn, Sổ hồng công chứng nhanh




💡LƯU Ý : ,,




💥💥💥 Anh chị em ký phiếu YCDV dẫn khách theo quy trình công ty. Đầu chủ Nguyễn Hiếu đã soạn sẵn HĐ Đặt cọc, chỉ chờ anh em Thiên Khôi đến ký.✍️✍️✍️,,🌹🌹🌹🌹💥💥💥🌹🌹🌹🌹",SYS-MP7635C7-K7,,
"Nguyễn Thiện Thuật 36/40 2 3.5 11 7.3 tỷ Bàn Cờ Quận 3 5-10 tỷ HĐ Trần Nguyễn Phúc Khương_ĐC Hắc Long  H3GB nguồn Đầu chủ Trần Nguyễn Phúc Khương_ĐC - Hắc Long
Ngày 29/04/2026 chủ giảm chào 200tr, giá chào mới 7.3 tỷ.

🔥[QUẬN 3] NGỘP HXH NGUYỄN THIỆN THUẬT NH ĐỊNH GIÁ 10TỶ - 40M2 - 2TẦNG BTCT - 7.3 TỶ TL





✔️MÔ TẢ:

✅ Hiện trạng: 1 Trệt, 1 Lầu BTCT, DT: 3.5m x Dài 11m nở hậu 4m (2PN + 2WC) 

✅ Vị Trí: Hẻm xe hơi thông, đối diện CC Nguyễn Thiện Thuật, Nguyễn Đình Chiểu. 

✅ Pháp lý: Sổ hồng riêng, hoàn công đủ đang vay. Ngân hàng định giá 10Tỷ. 





👏AE khảo sát báo cáo dẫn khách đúng quy trình Cty ký phiếu YCCCDV, Khách xem báo trước Trưởng phòng Khương 60phút để chuẩn bị hỗ trợ tốt nhất. 

💥Chúc ACE chốt nhà bùng nổ. Mong kết duyên cùng AE.",SYS-MP7637OS-RJ,,
"Võ Văn Tần 43.2 3 3.6 12 8.2 tỷ Bàn Cờ Quận 3 5-10 tỷ HĐ Đào Thanh Hiệu Thái Thành 0932053054 H3GB nguồn Đầu chủ Đào Thanh Hiệu - Thái Thành
🔥🔥🔥 NHÀ GÓC 2 MẶT TIỀN HIẾM – TRUNG TÂM QUẬN 3 – DÒNG TIỀN 30TR/THÁNG.

📍 Võ Văn Tần – P. Bàn Cờ – Q3

(Đi từ Võ Văn Tần → 500m tới Hảo Phát rẽ trái là tới)

📌 Link thu bông: https://goo.gl/maps/WtA3PCBreXd6WEbT9📍Diện

📐 Diện tích: 3.6 x 11.7m – CN 43.2m².

🏢 Kết cấu: 1 trệt 3 lầu + sân thượng.

🛏 Công năng: 5PN – 4WC – phòng khách – bếp.

💰 Đang cho thuê 30tr/tháng – dòng tiền sẵn, khai thác ngay

✨ Điểm mạnh nổi bật: 

✔️ Nhà góc 2 mặt tiền – thoáng, dễ khai thác kinh doanh/cho thuê

✔️ Trung tâm Q3 – đi đâu cũng tiện

✔️ Gần Võ Văn Tần – Nguyễn Đình Chiểu – Nguyễn Thượng Hiền

✔️ Xung quanh đầy đủ tiện ích: chợ, quán ăn, trường học

💥 Phù hợp: 

👉 Vừa ở vừa khai thác dòng tiền

👉 Đầu tư giữ tài sản trung tâm

👉 Làm CHDV / cho thuê phòng

❤️ Lưu ý: ACE khảo sát, dẫn khách theo quy trình Công ty, báo ĐC Thanh Hiệu trước 30 phút, để được hỗ trợ tốt nhất.

🌹🌹🌹 Chúc toàn thể ACE chốt nhà bùng nổ, cùng ĐC Hiệu, thu nhập Tỷ Phú.",SYS-MP764K4E-GE,,
"Nguyễn Đình Chiểu 32 5 3.2 10 9.5 tỷ Bàn Cờ Quận 3 5-10 tỷ HĐ Hoàng Viết Cường Tứ Đại Nam  H3GB nguồn Đầu chủ Hoàng Viết Cường Tứ - Đại Nam
GIÁ MỚI 9ty5.🌹🌹🌹




SIÊU PHẨM QUẬN 3 NGAY CMT8 - NGUYỄN ĐÌNH CHIỂU, KHU HIẾM NHÀ BÁN, HẺM 4M GẦN MẶT TIỀN, NHÀ MỚI 5 TẦNG BTCT 5PN HOÀN CÔNG ĐỦ.🌹🌹🌹










Nguyễn Đình Chiểu 32 5 3.2 10 9.999 tỷ Phường Bàn Cờ Quận 3 6 đến 10 HĐ PP Hoàng Tứ - P. Đại Nam , H3%, nguồn PP Hoàng Tứ.




Mô tả:




+ Vị trí tuyệt đẹp gần mặt tiền thuộc khu VIP nhất nhì Quận 3, tiện ích không thiếu thứ gì xung quanh, đi đâu hay làm gì cũng rất thuận tiện.




+ Kết cấu: 1 trệt 1 lửng, 2 lầu + mái đúc BTCT, gồm phòng khách bếp, tổng 5PN 4WC.




+ Hẻm trước nhà 4m rộng rãi, thông khắp nơi, gần mặt tiền. 




+ Sổ tại nhà, vuông vức hoàn công đầy đủ, mua bán trong ngày.




+ Hướng: TTT.




=> ACE KHẢO SÁT - DẪN KHÁCH - KÝ PHIẾU YCCCDV - CHỤP HÌNH KHÁCH THEO ĐÚNG QUY TRÌNH CÔNG TY. BÁO TRƯỚC 39’ ĐỂ ĐƯỢC HỖ TRỢ TỐT NHẤT. 🥰🥰",SYS-MP764L4R-IF,,
"Cao Thắng 35 5 3.4 11 8.9 tỷ Bàn Cờ Quận 3 5-10 tỷ HĐ Nguyễn Minh Đức Sơn Vương HCM  H3GB nguồn Đầu chủ Nguyễn Minh Đức - Sơn Vương HCM
💥❤️  SIÊU PHẨM 5 LẦU ĐƯỜNG CAO

THẮNG - NGANG 3.4M X 10.5M - 4

PN - 4 WC - KHU TRUNG TÂM QUẬN 3 - KHU DÂN TRÍ CAO - NHỈNH 8 TỶ.




❤️❤️⭐⭐🌹🌹💵💵




Cao Thắng 35 5 3.4 10.5

8.9 tỷ - 6 - 9 tỷ - HH 3% - HĐ ĐC

Minh Đức - Sơn Vương

HCM . 







Mô tả:

Gồm : Nhà 5 tầng 3 PN, 1 Phòng thờ, 4 WC. Phù hợp kinh doanh Căn hộ, mở VP......Nhà dọn vào ở ngay. 




• Vị trí :Ngay khu trung tâm Quận 3

Phù hợp ở và kinh doanh văn phòng, căn hộ DV.... Gần Chợ, Siêu thị ......Khu dân trí cao.




DT : 3.4 x 10.5 .Sổ vuông đẹp.Hoàn công đủ.




* Chúc ACE sức khỏe, chốt bùng nổ, xem nhà báo 30' Đầu chủ.

 để hỗtrợ tận tình.




 Vào app gõ tìm từ khóa hoặc zalo.  để tìm nguồn nhà ĐC Nguyễn Minh Đức",SYS-MP764LWN-9X,,
"Nguyễn Đình Chiểu 23.5 5 3 8 9.3 tỷ Bàn Cờ Quận 3 5-10 tỷ HĐ Lê Ngọc Hưng Hùng Hưng  H3GB nguồn Đầu chủ Lê Ngọc Hưng - Hùng Hưng
- DCNH114

- Ký chính chủ trên sổ 

- Giảm 300tr chốt gấp 9.3 tỷ 

- PASS 6669# ( Ace dẫn khách vào nhớ để cầu dao như hiện trạng do nhà có wifi và camera hoạt động )

BÁN NHÀ QUẬN 3 - HẺM THÔNG SUỐT 4M -  CÁCH VÀI CĂN RA MẶT TIỀN ĐƯỜNG LÝ THÁI TỔ - NGUYỄN ĐÌNH CHIỂU - NHÀ 5 TẦNG BTCT KIÊN CỐ HIỆN ĐẠI - HOÀN CÔNG CHUẨN - GIÁ 9.6 TỶ .

 - Nguyễn Đình Chiểu 23.5 5 3.01 8 9.6 tỷ Phường 2 Quận 3, ( F Bàn Cờ ) - HD 5-10 ,HĐ ĐC Hưng, Phòng Hùng Hưng , , HH3GB, Nguồn đầu chủ Hưng .

.Mô tả:

🌹Diện tích: 23.5m2  (3.01m x 8m ) 

.🌹Kết cấu: nhà 5 tầng BTCT kiên cố, hiện đại  mới tinh  gồm trệt +3 lầu + sân thượng rộng rãi, mát mẻ. Tổng 3PN và 4WC, phòng khách, bếp ăn .

- Vị trí: nhà toạ lạc trục hẻm 629  Nguyễn Đình Chiểu, P.2, Quận 3. Hẻm trước nhà 3m thông thoáng, sạch sẽ, an ninh. Nhà cách mặt tiền chỉ 20m. Nhà cách vòng xoay Nguyễn Văn Cừ khoảng 400m, trung tâm của quận 3, vị trí cực kì đắc địa, bán kính 500m đầy đủ siêu tiện ích. Hẻm trước nhà thông suốt 2 hướng ra mặt tiền Nguyễn Đình Chiểu và ra hẻm xe hơi 120 Lý Thái Tổ, thuận tiện đi lại.

🌹Pháp Lý: sổ hồng riêng, hoàn công đầy đủ. Kdc hiện hữu, không bị quy hoạch. Sổ sẵn công chứng mua bán ngay.

🌹Giá bán 9.6  tỷ chính chủ còn thương lượng.

☎️☎️☎️ ĐC Hưng hỗ trợ mở cửa 

🌹🌹🌹Ace khảo sát biết vị trí, dẫn khách xem nhà ký phiếu YCCCDV chuẩn quy trình công ty. Ace dẫn khách xem trong báo trước cho đầu chủ 50 phút để được hỗ trợ tốt nhất.Chúc ace thu bông 🌹🌹🌹rực rỡ.",SYS-MP764N6F-B1,,
"nguyễn đình chiểu 33.5 4 3.8 9 9 tỷ Bàn Cờ Quận 3 5-10 tỷ HĐ Nguyễn Trung Tuấn_ĐC Thiên Tài  H3GB nguồn Đầu chủ Nguyễn Trung Tuấn_ĐC - Thiên Tài
Cần bán gấp để giải quyết cv gia đình

hạ chào 400tr giá chỉ còn 9 tỷ từ ngày 21/4 đến 30/5 nếu vay được bank lãi thấp sẽ quay trở về giá cũ 




Nhà mới 

hiện đang cho người quen thuê 16tr/th ( nếu lấy lại có thể được 20-25tr/th )

Hẻm xe hơi lý thuyết 

hẻm thông 

có lộ giới sắp mở ( chắc chắn mở )

Tiềm năng tăng giá cao

hướng tây nam",SYS-MP766HGX-F6,,
"Nguyễn thượng hiền 18.8 3 4.1 5 7.9 tỷ Bàn Cờ Quận 3 5-10 tỷ HĐ Lê Văn Lập_ĐC Tây Đô  H3GB nguồn Đầu chủ Lê Văn Lập_ĐC - Tây Đô
Hiếm hiếm Mặt Tiền Kinh Doanh VIP - NGUYỄN THƯỢNG HIỀN PHƯỜNG BÀN CỜ (P.4 CŨ) QUẬN 3 - 4 Tầng BTCT 2PN 2WC Sân Thượng - 4.14m X 4.45m nỡ hậu Công nhận 18.8m2 - Dòng tiền cho thuê kinh doanh 25 triệu/tháng - Hoàn công đầy đủ - CHỈ 7.9TỶ TL


THÔNG TIN NHÀ BÁN:
- Kết cấu : 4 Tầng BTCT, 2 Phòng ngủ, 2 Toilet, Sân thượng
- Vị trí : VIP bậc nhất trung tâm Sài Gòn, gần Điện Biên Phủ, 3 Tháng 2, Chợ Vườn Chuối, Nguyễn Đình Chiểu, Cách Mạng Tháng Tám, sát vách Quận 10, Quận 1
- Tiện ích xung quanh đầy đủ gần trường học, bệnh viện, siêu thị, UBND
- Dòng tiền cho thuê kinh doanh nguyên căn 25-30 triệu/tháng
- Pháp lý : sổ hồng riêng, hoàn công đầy đủ",SYS-MP766I2E-45,,
"Nguyễn Đình Chiểu 32.7/35 5 4 8 8.68 tỷ Bàn Cờ Quận 3 5-10 tỷ HĐ Lê Trọng Duy_ĐC Gia Huy  H3GB nguồn Đầu chủ Lê Trọng Duy_ĐC - Gia Huy
🌹TRUNG TÂM QUẬN 3  – NGUYỄN ĐÌNH CHIỂU NHÀ 4 TẦNG MỚI ĐẸP KHU VỰC VIP PHƯỜNG BÀN CỜ • HẺM 4M SẠCH SẼ 1 TRỤC • CHỈ 8.x Tỷ




Nguyễn Đình Chiểu 35/33 5 3.5/5 8 8.68 tỷ Phường 4 Quận 3 6 đến 10 HĐ TP Duy phòng Gia Huy  HH3%, nguồn TP Duy




• Kết cấu: Trệt – lửng – 2 lầu – sân thượng. Nhà mới hoàn thiện, chắc chắn, thiết kế hiện đại. 

– 2 phòng ngủ master rộng, có WC trong phòng. Phòng khách đặt ở tầng lửng riêng tư. Bếp dưới trệt thoáng, tiện sinh hoạt. Tầng 5 có sân thượng và phòng chờ — lý tưởng để thư giãn.

• Nội thất: Tặng full nội thất cao cấp, phong cách hiện đại, chỉ việc xách vali vào ở.

• Hẻm 4m chuẩn, sạch sẽ, xe hơi nhỏ đỗ cửa, di chuyển rất tiện.

• Tiện ích: Nằm ngay trung tâm Q3, gần CMT8 – Võ Văn Tần – Trương Định…

• Pháp lý chuẩn. Công chứng ngay




👉 Anh chị em khảo sát inbox gửi ảnh tự sướng tới Đầu chủ để nhận sổ tư vấn khách, dẫn khách ký phiếu YCCCDV đầy đủ và chuẩn quy trình báo trước Đầu chủ 38 phút để được hỗ trợ tốt nhất.

Chúc anh chị em chốt nhà bùng nổ. 💥💥💥




Facebook: Lê Trọng Duy 




",SYS-MP766ILH-Q8,,
"Nguyễn Thiện Thuật 40 2 3.5 10 9.3 tỷ Bàn Cờ Quận 3 5-10 tỷ HĐ Đặng Đình Trung Hiếu_ĐC Hắc Long  H3GB nguồn Đầu chủ Đặng Đình Trung Hiếu_ĐC - Hắc Long
Giảm 200tr còn 9.3 tỷ

Ký với con ruột




🌹2 TẦNG - XE HƠI VÔ NHÀ - KHU VIP Q3- 40M2 - AN NINH - CHỈ HƠN 9 TỶ🌹,

,

,

🔥🔥Mô tả⚡️⚡️,

✅ Kết cấu: 1 trệt 1 lầu đúc BTCT.

✅ Gồm: 2 phòng ngủ, wc, phòng khách, bếp.

✅ Có thể vừa ở vừa kinh doanhz

✅ Hẻm xe hơi vô nhà, cách mặt tiền 10 căn nhà.

✅ Pháp lý: Chuẩn, Sổ hồng công chứng 1p30s.,

,

💡LƯU Ý : ,

💥💥💥 Anh chị em ký phiếu YCDV dẫn khách theo quy trình công ty. Đầu chủ Đặng Hiếu đã soạn sẵn HĐ Đặt cọc, chỉ chờ anh em Thiên Khôi đến ký.✍️✍️✍️,

🌹🌹🌹🌹💥💥💥🌹🌹🌹🌹",SYS-MP766JN2-5,,
"Đường số 7 30 3 3 10 8 tỷ Bàn Cờ Quận 3 5-10 tỷ HĐ Đặng Đình Trung Hiếu_ĐC Hỏa Long  H3GB nguồn Đầu chủ Đặng Đình Trung Hiếu_ĐC - Hỏa Long
🌹3 TẦNG - XE HƠI ĐỖ CỬA - AN NINH - CHỈ 8 TỶ🌹,

,

,

🔥🔥Mô tả⚡️⚡️,

✅ Kết cấu: 1 trệt 2 lầu đúc BTCT.

✅ Gồm: 3 phòng ngủ, 3 wc, phòng khách, bếp.

✅ Có thể vừa ở vừa kinh doanh.

✅ Hẻm xe hơi đỗ cửa, cách mặt tiền 10 căn nhà.

✅ Pháp lý: Chuẩn, Sổ hồng công chứng 1p30s.,

,

💡LƯU Ý : ,

💥💥💥 Anh chị em ký phiếu YCDV dẫn khách theo quy trình công ty. Đầu chủ Đặng Hiếu đã soạn sẵn HĐ Đặt cọc, chỉ chờ anh em Thiên Khôi đến ký.✍️✍️✍️,

🌹🌹🌹🌹💥💥💥🌹🌹🌹🌹",SYS-MP766L05-NB,,
"Nguyễn Thiện Thuật 30.1 5 3 10 9.5 tỷ Bàn Cờ Quận 3 5-10 tỷ HĐ Tu Bá Quyền_ĐC Hoàng Bách  H3GB nguồn Hội đồng thẩm định
Hàng đạt chuẩn


CHỦ GẤP BÁN, GIẢM MẠNH 1 TỶ - GIÁ MỚI 9,5 TỶ


🛎️ NHÀ 5 TẦNG MẶT TIỀN CHỢ - KINH DOANH SẦM UẤT - NGUYỄN THIỆN THUẬT - BÀN CỜ - 30,1M2 - HOÀN CÔNG ĐỦ - HẺM 6M XE HƠI TRÁNH - CHỈ 10,5 TỶ


Nguyễn Thiện Thuật 30.1 5 3 10 10.5 tỷ Bàn Cờ Quận 3 10-15 tỷ HĐ Tu Bá Quyền_ĐC Hoàng Bách  H3GB nguồn Hội đồng thẩm định


🏠MÔ TẢ:
✅ Diện tích 30,1m2, ngang 3m dài 10,2m
✅ Kết cấu: 5 tầng (trệt , lửng, 3 lầu)
✅ Công năng: 4 phòng ngủ, 4WC, nhà thiết kế cầu thang cuối nhà, phòng ngủ rộng, phòng khách dài tiện kinh doanh buôn bán
✅ Nhà ngay chợ, Hẻm 6m Nguyễn Thiện Thuật, thông ra Bàn Cờ, Nguyễn Đình Chiểu, Cao Thắng, Điện Biên Phủ
✅ Sổ hồng riêng, hoàn công đủ, sổ cất két, công chứng nhanh gọn
🛵Anh chị em khảo sát, dẫn khách chuẩn quy trình công ty, Gọi TP trước 30p để được hỗ trợ tốt nhất
🌹Chúc anh chị em chốt bùng nổ🌹


✅ Link FB ĐC: 


#TBQ087",SYS-MP768E8R-8M,,
"Nguyễn Thiện Thuật 28.8/34.9 4 3.3 11 8.85 tỷ Bàn Cờ Quận 3 5-10 tỷ HĐ Hoàng Anh Cường Gia Phát  H268 nguồn Đầu chủ Hoàng Anh Cường - Gia Phát
KÝ TRỰC TIẾP VỚI CHỦ SỞ HỮU 




✅ Hẻm nhựa 8m, to như đường lớn, trung tâm Phường Bàn Cờ, đi bộ 200m  qua Quận 1, sát bên Now Zone, Trường Chuyên Lê Hồng Phong, ĐH Sư Phạm, BV Từ Dũ, Chợ Bàn Cờ, Nguyễn Thiện Thuật, Nguyễn Đình Chiểu. Nhà thiết kế rộng rãi, thoáng mát, nhiều ánh sáng, khách mua ở, cho thuê KD, Công ty, Phòng khám, Nha khoa, Spa. 




✅Kết cấu: Nhà 4 tầng BTCT gồm 1 trệt, 2 lầu, Phòng sân thượng và sân thượng, DT thực tế 35m2, DTCN 29m2, ngang 3.26m x 10.8m, gồm phòng khách, bếp, 2 phòng ngủ rộng, 3 wc. Có thể sửa thêm 1 phòng ngủ nữa trên sân thượng. 




✅Hướng: Tây Bắc. 




✅ Khu vực: Gần siêu thị, chợ, trường học, bệnh viện, tiện ích không thiếu gì, hàng xóm thân thiện,  đã XD cao tầng. 




✅Pháp Lý: Nhà chính chủ trang bìa, công chứng ngay. 




📣Lưu ý: Chủ ở xa, ACE cho khách xem vị trí, tư vấn sổ, khách nhiệt sắp xếp xem trong lần 2 nhé 🌹 




📣 ACE dẫn  khách chuẩn quy trình, xác nhận phiếu YCCCDV và chụp hình khách đầy đủ, báo trước ĐC Cường 60 phút để hỗ trợ tốt nhất.




❤ Chúc ACE nhiều sức khỏe, luôn tràng đầy năng lượng, chốt nhà thu bông rực rỡ🌹🌹🌹",SYS-MP768F9D-51,,
"Cống Hộp Rạch Bùng Binh 42/51 3 4.3 12 8.8 tỷ Phường 9 Quận 3 5-10 tỷ HĐ Trưởng phòng Phan Xuân An  H3GB nguồn Đầu chủ Phan Xuân An
TT QUẬN 3 - CÁCH MẶT TIỀN 1 CĂN - NHÀ 1 ĐỜI CHỦ - BÁN CHIA TÀI SẢN.,
,
Cống Hộp Rạch Bùng Binh 41/51 3 4.3 12 8.8 Tỷ Phường 9 Quận 3 6 đến 9 HĐ TP An Phòng Minh Phúc  Hh 3% nguồn TP An.,
,
+ Vị trí Sát Mặt tiền, cách mặt tiền chỉ 1 căn, ngay Hoàng Sa, Rạch Bùng Binh, Trương định.,
+ Kết cấu: Trệt, Lầu, Sân Thượng đầy đủ công năng gồm 6 Phòng ngủ, Phòng khách, Bếp…,
+ Hẻm rộng Ba gác tránh, Cách mặt tiền 1 căn, Khu dân trí cao, tiện ích không thiếu gì.,
+ Sổ vuông vức, pháp lý chuẩn, công chứng trong trong ngày.,
Anh chị em dẫn khách báo trước TP An 30 phút để được hỗ trợ tốt nhất. Cảm ơn anh chị em,",SYS-MP768HEI-4N,,
"rạch bùng binh 52 2 4.1 12 7.8 tỷ Nhiêu Lộc Quận 3 5-10 tỷ HĐ Diệp Duy Thắng Đại Nam  H3GB nguồn Đầu chủ Diệp Duy Thắng - Đại Nam
TRUNG TÂM QUẬN 3 - HẼM 4M GẦN MẶT TIỀN - NHÀ 2 TẦNG CÓ 3PN - THÍCH HỢP CHO HỘ GĐ HOẶC MUA CHO THUÊ TỐT - CHỈ 7.8 TỶ 




Rạch Bùng Binh 52 2 4.1 11.5 7.8 tỷ Phường 9 Quận 3 6 đến 10 HĐ Đầu chủ Thắng Phòng Đại Nam, , H3%, nguồn Đầu chủ Thắng.




Mô tả : 




- Vị trí ngay trung tâm Quận 3, giáp với Hoàng Sa, CMT8 , trục đường tiện ích và thuận tiện qua quận 1,10, Phú Nhuận....




- Ngay nhà hẽm 4M sạch sẽ, cách mặt tiền chỉ 30M, toàn nhà cao tầng xung quanh, khu dân trí, camera...




- Nhà còn mới 2 tầng mua ở ngay, có 3PN, 2 WC, ban công giếng trời thoáng mát




- Diện tích ngon trong tầm giá gần 52m2. Hiếm có trong khu vực




- Sổ đẹp hoàn công đủ, công chứng ngay",SYS-MP769MZL-CW,,
"Nguyễn Thông 28 4 3.6 8 10 tỷ Nhiêu Lộc Quận 3 10-15 tỷ HĐ Tống Đức Thuân Thiên Thịnh  H3GB nguồn Đầu chủ Tống Đức Thuân - Thiên Thịnh
🔥 Nhà 4 Tầng - 10 Tỷ - Đường Nguyễn Thông, Nhiêu Lộc, Quận 3, Tphcm 

📍 Vị trí: Nguyễn Thông Hẻm 4 thông, xe chạy thoải mái

📐 Diện tích đẹp: 3 6 m x 8m

🏠 Kết cấu: Xây Dựng BTCT chắc chắn với 4pn, 4wc

Nhà đang cho thuê, thu nhập 20 Triệu /1 tháng

  AE khảo sát cho khách xem vị trí 

📕 Pháp lý: Sổ hồng riêng – bank giữ hộ

💸 Giá chào: 10 tỷ (còn thương lượng)

📞 Liên hệ ngay: 

Chủ thiện chí bán 

Ký phiếu đầy đủ – làm việc đúng quy trình công ty để bảo vệ quyền lợi.",SYS-MP76BBTD-2W,,
"Cách Mạng Tháng Tám 60.5 3 3 20 9.3 tỷ Nhiêu Lộc Quận 3 5-10 tỷ HĐ Nguyễn Viết Đại Phát Lộc  H3GB nguồn Đầu chủ Nguyễn Viết Đại - Phát Lộc
💢 Q3- NHÀ 3 TẦNG ĐÚC 60.5M2- HẺM 8M- GẦN CV LÊ THỊ RIÊNG, 4PN-  4WC - NHỈNH 9 TỶ💢




Cách Mạng Tháng Tám 3 69.5 3 20 9.3 tỷ, P. Nhiêu Lộc (P. 11 Q3 cũ) 5-10 tỷ HĐ ĐC Nguyễn Viết Đại Khối Phát Lộc  HH3% GB Nguồn Đầu chủ Đại




‼️CHỦ BÁN KÍN. ACE KO ĐĂNG MẶT TIỀN NHÀ.




- Gần CV Lê Thị Riêng, hẻm xe hơi, trước nhà 8m. Khu dân trí, yên tĩnh. Tiện ích ngập tràn.

- DT 60,5m2. Ngang 3m, dài 20m. Kết cấu 1 trệt 2 lầu, sân thượng trước. Gồm PK, Bếp, 4PN, 4WC (có PN trệt), Nhà còn mới ở ngay, ACB định giá 9.3 tỷ.

- Sổ hồng riêng, pháp lý chuẩn, đang hoàn công, ngợp 6 tỷ, công chứng nhanh.




🤟ACE khảo sát để nhận sổ, dẫn khách chuẩn quy trình Tập Đoàn. Liên hệ truớc ĐC Đại 39 phút để được hỗ trợ xem trong. 🏡🏡🏡

👍 Chúc ACE chốt nhà bùng nổ 💥💥💥",SYS-MP76BCQC-2X,,
"Cách Mạng Tháng Tám 46 4 5.3 10 9.5 tỷ Nhiêu Lộc Quận 3 5-10 tỷ HĐ Nguyễn Tuấn Kiệt_ĐC Phương Đông HCM  H3GB nguồn Đầu chủ Nguyễn Tuấn Kiệt_ĐC - Phương Đông HCM
🔥 BÁN CĂN HỘ DỊCH VỤ MINI – QUẬN 3 – DÒNG TIỀN ỔN ĐỊNH - ĐANG CHO THUẾ KHOÁNG 24Tr/Tháng 




📍 Địa chỉ: Cách Mạng Tháng Tám, P. Nhiêu Lộc, TP.HCM  

💰 Giá bán: 9.5 TỶ (còn thương lượng)  




✨ Thông tin nổi bật:  

- Diện tích: 5.3 x 10m (46m²)  

- Kết cấu: 1 trệt – 2 lầu – sân thượng (4 tầng)  

- Gồm 6 phòng khép kín full tiện nghi  

- Đang khai thác căn hộ dịch vụ




🚗 Vị trí cực kỳ thuận lợi:  

- Hẻm xe hơi (lý thuyết), cách đường ô tô tránh chỉ ~100m  

- Trung tâm Quận 3 – di chuyển nhanh Quận 1, 10, Phú Nhuận  

- Khu dân cư an ninh, nhu cầu thuê cao – luôn kín phòng  




💡 Điểm mạnh đầu tư:  

- Sẵn dòng tiền ổn định, không cần cải tạo  

- Phù hợp giữ tiền + khai thác cho thuê lâu dài  

- Khu vực hiếm sản phẩm cùng phân khúc  




📞 Liên hệ ngay:   

👉 Xem nhà – làm việc chính chủ – thương lượng tốt!",SYS-MP76BDTQ-LY,,
"cách mạng tháng 8 42.6/46 3 3 15 7.2 tỷ Nhiêu Lộc Quận 3 5-10 tỷ HĐ Mai Hồng Cẩm_ĐC Mạnh Phát  H3GB nguồn Đầu chủ Mai Hồng Cẩm_ĐC - Mạnh Phát
​🔥 SIÊU PHẨM QUẬN 3 - HẺM XE HƠI TỚI NHÀ - CHỈ 7.2TỶ 🔥

​📍 Địa chỉ: Cách Mạng Tháng Tám, P.10, Quận 3.

✅ Thông số vàng:

​Diện tích: 42,3 m^2 (Ngang đẹp, sổ vuông vức).

​Kết cấu: 3 tầng (Trệt, lửng, lầu) – 4 PN, 2 WC.

​Hướng: Đông Nam (Mát mẻ).

​✨ Ưu điểm nổi bật:

​Vị trí: Trung tâm Q3, tiện ích không thiếu thứ gì. Hẻm ô tô thông ,di chuyển từ Nguyễn Phúc Nguyên vào rất dễ tìm.

​Công năng: Nhà rộng rãi, tận dụng tối đa diện tích sàn (106 m^2), dọn vào ở ngay.

​Pháp lý: Sổ hồng riêng, hoàn công đầy đủ, mua bán nhanh gọn.

​💵 Giá bán: 7.2 tỷ (Thương lượng chính chủ).

​",SYS-MP76BF5N-B,,